S·∫£n ph·∫©m,T√™n s·∫£n ph·∫©m,Link Shopee
N·ªám b√¥ng,"N·ªám B√¥ng xu·∫•t Nh·∫≠t cao c·∫•p Topper n·ªám k√≠ch th∆∞·ªõc 1m x 2m, 1m4 x 2m, 1m6 x 2m",https://shopee.vn/N%E1%BB%87m-B%C3%B4ng-xu%E1%BA%A5t-Nh%E1%BA%ADt-cao-c%E1%BA%A5p-Topper-n%E1%BB%87m-k%C3%ADch-th%C6%B0%E1%BB%9Bc-1m-x-2m-1m4-x-2m-1m6-x-2m-i.159685460.6804415031?ads_keyword=ne%CC%A3%CC%82m&adsid=1468586&campaignid=1258354&position=1
N·ªám b√¥ng,"[ X·∫¢ KHO ] N·ªám b√¥ng xu·∫•t Nh·∫≠t - 1mx2m, 1m2x2m, 1m4x2m, 1m6x2m, 1m8x2m - M√†u Tr·∫Øng, X√°m",https://shopee.vn/-X%E1%BA%A2-KHO-N%E1%BB%87m-b%C3%B4ng-xu%E1%BA%A5t-Nh%E1%BA%ADt-1mx2m-1m2x2m-1m4x2m-1m6x2m-1m8x2m-M%C3%A0u-Tr%E1%BA%AFng-X%C3%A1m-i.278100736.3443980855?ads_keyword=n%E1%BB%87m%20b%C3%B4ng&adsid=6566542&campaignid=3593485&position=3
N·ªám b√¥ng,"N·ªám b√¥ng xu·∫•t Nh·∫≠t ch·∫•t li·ªáu Coton c√≥ s·ª£i d·ªát m·∫≠t ƒë·ªô cao B√™n trong l√† g√≤n nh·∫≠p kh·∫©u cao c·∫•p, t·∫°o c·∫£m gi√°c m·ªÅm m·∫°i",https://shopee.vn/N%E1%BB%87m-b%C3%B4ng-xu%E1%BA%A5t-Nh%E1%BA%ADt-ch%E1%BA%A5t-li%E1%BB%87u-Coton-c%C3%B3-s%E1%BB%A3i-d%E1%BB%87t-m%E1%BA%ADt-%C4%91%E1%BB%99-cao-B%C3%AAn-trong-l%C3%A0-g%C3%B2n-nh%E1%BA%ADp-kh%E1%BA%A9u-cao-c%E1%BA%A5p-t%E1%BA%A1o-c%E1%BA%A3m-gi%C3%A1c-m%E1%BB%81m-m%E1%BA%A1i-i.463375682.6391535429?position=7
N·ªám b√¥ng,"[NHI·ªÄU SIZE] N·ªám b√¥ng ki·ªÉu Nh·∫≠t g·∫•p g·ªçn, Topper n·ªám l√†m m·ªÅm n·ªám h√†ng xu·∫•t d∆∞ gi√° r·∫ª",https://shopee.vn/-NHI%E1%BB%80U-SIZE-N%E1%BB%87m-b%C3%B4ng-ki%E1%BB%83u-Nh%E1%BA%ADt-g%E1%BA%A5p-g%E1%BB%8Dn-Topper-n%E1%BB%87m-l%C3%A0m-m%E1%BB%81m-n%E1%BB%87m-h%C3%A0ng-xu%E1%BA%A5t-d%C6%B0-gi%C3%A1-r%E1%BA%BB-i.159685460.3019425857?position=6
N·ªám b√¥ng,"[ X·∫¢ KHO ] N·ªám b√¥ng xu·∫•t Nh·∫≠t - 1mx2m, 1m2x2m, 1m4x2m, 1m6x2m, 1m8x2m - M√†u Tr·∫Øng, X√°m",https://shopee.vn/-X%E1%BA%A2-KHO-N%E1%BB%87m-b%C3%B4ng-xu%E1%BA%A5t-Nh%E1%BA%ADt-1mx2m-1m2x2m-1m4x2m-1m6x2m-1m8x2m-M%C3%A0u-Tr%E1%BA%AFng-X%C3%A1m-i.278100736.3443980855?ads_keyword=n%E1%BB%87m%20b%C3%B4ng&adsid=6566542&campaignid=3593485&position=3
Topper,"[si√™u r·∫ª] N·ªÜM TR·∫¢I S√ÄN, ƒê·ªÜM, TOPPER H√ÄNG XU·∫§T NH·∫¨T 1Mx2M, 1M4x2M, 1M6x2M",https://shopee.vn/-si%C3%AAu-r%E1%BA%BB-N%E1%BB%86M-TR%E1%BA%A2I-S%C3%80N-%C4%90%E1%BB%86M-TOPPER-H%C3%80NG-XU%E1%BA%A4T-NH%E1%BA%ACT-1Mx2M-1M4x2M-1M6x2M-i.61799438.2294726272?position=5
Topper,N·ªám vƒÉn ph√≤ng - N·ªám ng·ªß vƒÉn ph√≤ng g·∫•p g·ªçn Riotex 80x190x3cm - c√≥ g·ªëi,https://shopee.vn/N%E1%BB%87m-v%C4%83n-ph%C3%B2ng-N%E1%BB%87m-ng%E1%BB%A7-v%C4%83n-ph%C3%B2ng-g%E1%BA%A5p-g%E1%BB%8Dn-Riotex-80x190x3cm-c%C3%B3-g%E1%BB%91i-i.182600602.3251561496?position=6
Topper,N·ªám Topper cao c·∫•p Topper n·ªám ƒë·ªß k√≠ch th∆∞·ªõc h√†ng c√≥ s·∫µn,https://shopee.vn/N%E1%BB%87m-Topper-cao-c%E1%BA%A5p-Topper-n%E1%BB%87m-%C4%91%E1%BB%A7-k%C3%ADch-th%C6%B0%E1%BB%9Bc-h%C3%A0ng-c%C3%B3-s%E1%BA%B5n-i.222676090.9720536447?position=10
Topper,Topper N·ªám ‚ö°D√†y 8CM‚ö° T·∫•m Topper Ti·ªán Nghi Cao C·∫•p G·∫•p G·ªçn G√†ng Khi Kh√¥ng S·ª≠ D·ª•ng,https://shopee.vn/Topper-N%E1%BB%87m-%E2%9A%A1D%C3%A0y-8CM%E2%9A%A1-T%E1%BA%A5m-Topper-Ti%E1%BB%87n-Nghi-Cao-C%E1%BA%A5p-G%E1%BA%A5p-G%E1%BB%8Dn-G%C3%A0ng-Khi-Kh%C3%B4ng-S%E1%BB%AD-D%E1%BB%A5ng-i.256686586.4549942762?position=12
Topper,"N·ªám cu·ªôn ƒëa nƒÉng ch·∫ßn g√≤n v·∫£i cotton Th·∫Øng L·ª£i, tr·∫£i s√†n ki√™m n·ªám tr·∫£i gi∆∞·ªùng-1M6*2M",https://shopee.vn/N%E1%BB%87m-cu%E1%BB%99n-%C4%91a-n%C4%83ng-ch%E1%BA%A7n-g%C3%B2n-v%E1%BA%A3i-cotton-Th%E1%BA%AFng-L%E1%BB%A3i-tr%E1%BA%A3i-s%C3%A0n-ki%C3%AAm-n%E1%BB%87m-tr%E1%BA%A3i-gi%C6%B0%E1%BB%9Dng-1M6*2M-i.141351669.2287443490?position=15
Topper,T·∫•m Topper l√†m m·ªÅm n·ªám hay n·ªám tr·∫£i s√†n,https://shopee.vn/T%E1%BA%A5m-Topper-l%C3%A0m-m%E1%BB%81m-n%E1%BB%87m-hay-n%E1%BB%87m-tr%E1%BA%A3i-s%C3%A0n-i.211908514.4826849326?position=18
Topper,"N·ªám ng·ªß vƒÉn ph√≤ng Riotex - ƒê·ªám du l·ªãch ti·ªán l·ª£i size 80x190cm. G·∫•p gon, k√®m t√∫i ƒë·ª±ng n·ªám.",https://shopee.vn/N%E1%BB%87m-ng%E1%BB%A7-v%C4%83n-ph%C3%B2ng-Riotex-%C4%90%E1%BB%87m-du-l%E1%BB%8Bch-ti%E1%BB%87n-l%E1%BB%A3i-size-80x190cm.-G%E1%BA%A5p-gon-k%C3%A8m-t%C3%BAi-%C4%91%E1%BB%B1ng-n%E1%BB%87m.-i.296505887.6954497938?position=19
Topper,Topper 1m8*2m / t·∫•m l√†m m·ªÅm n·ªám/ t·∫•m tr·∫£i s√†n n·∫±m tr·ª±c ti·∫øp - GI√Å SI√äU R·∫∫,https://shopee.vn/Topper-1m8*2m-t%E1%BA%A5m-l%C3%A0m-m%E1%BB%81m-n%E1%BB%87m-t%E1%BA%A5m-tr%E1%BA%A3i-s%C3%A0n-n%E1%BA%B1m-tr%E1%BB%B1c-ti%E1%BA%BFp-GI%C3%81-SI%C3%8AU-R%E1%BA%BA-i.18322076.7247229759?position=20
Topper,"N·ªám Tr·∫£i S√†n Xu·∫•t Nh·∫≠t üíé1 ƒê·ªïi 1üíé N·ªám Ng·ªß G·∫•p G·ªçn, K√≠ch Th∆∞·ªõc 1mx2m, 1m4x2m, 1m6x2m, 1m8x2m d√†y 7-9cm",https://shopee.vn/N%E1%BB%87m-Tr%E1%BA%A3i-S%C3%A0n-Xu%E1%BA%A5t-Nh%E1%BA%ADt-%F0%9F%92%8E1-%C4%90%E1%BB%95i-1%F0%9F%92%8E-N%E1%BB%87m-Ng%E1%BB%A7-G%E1%BA%A5p-G%E1%BB%8Dn-K%C3%ADch-Th%C6%B0%E1%BB%9Bc-1mx2m-1m4x2m-1m6x2m-1m8x2m-d%C3%A0y-7-9cm-i.433036147.3387765838?position=22
Topper,"N·ªám tr·∫£i s√†n - topper n·ªám h√†ng xu·∫•t Nh·∫≠t 1m x 2m, 1m4x2m, 1m6x2m",https://shopee.vn/N%E1%BB%87m-tr%E1%BA%A3i-s%C3%A0n-topper-n%E1%BB%87m-h%C3%A0ng-xu%E1%BA%A5t-Nh%E1%BA%ADt-1m-x-2m-1m4x2m-1m6x2m-i.151396245.2417892057?position=24
Topper,toper n·ªám tr·∫£i s√†n gi√° r·∫ª 2021,https://shopee.vn/toper-n%E1%BB%87m-tr%E1%BA%A3i-s%C3%A0n-gi%C3%A1-r%E1%BA%BB-2021-i.206866476.9919432448?position=32
Topper,T·∫•m b·∫£o v·ªá ƒë·ªám [FREESHIP] TOPPER n·ªám - Topper ch·ªëng th·∫•m b·∫£o v·ªá ƒë·ªám d√†y 1cm xu·∫•t Nh·∫≠t ti√™u chu·∫©n kh√°ch s·∫°n 5‚≠ê,https://shopee.vn/T%E1%BA%A5m-b%E1%BA%A3o-v%E1%BB%87-%C4%91%E1%BB%87m-FREESHIP-TOPPER-n%E1%BB%87m-Topper-ch%E1%BB%91ng-th%E1%BA%A5m-b%E1%BA%A3o-v%E1%BB%87-%C4%91%E1%BB%87m-d%C3%A0y-1cm-xu%E1%BA%A5t-Nh%E1%BA%ADt-ti%C3%AAu-chu%E1%BA%A9n-kh%C3%A1ch-s%E1%BA%A1n-5%E2%AD%90-i.413423411.5783925320?position=37
Topper,"N·ªám Toper phong c√°ch kh√°ch s·∫°n 5* Sheen bedding,m·∫´u m·ªõi 2020( ƒë·ªß m√†u)",https://shopee.vn/N%E1%BB%87m-Toper-phong-c%C3%A1ch-kh%C3%A1ch-s%E1%BA%A1n-5*-Sheen-bedding-m%E1%BA%ABu-m%E1%BB%9Bi-2020(-%C4%91%E1%BB%A7-m%C3%A0u)-i.303685558.4957450457?position=39
Topper,"Topper n·ªám,topper t·∫•m l√†m m·ªÅm ƒë·ªám kh√°ch s·∫°n Sheen bedding cao c·∫•p (·∫£nh th·∫≠t)",https://shopee.vn/Topper-n%E1%BB%87m-topper-t%E1%BA%A5m-l%C3%A0m-m%E1%BB%81m-%C4%91%E1%BB%87m-kh%C3%A1ch-s%E1%BA%A1n-Sheen-bedding-cao-c%E1%BA%A5p-(%E1%BA%A3nh-th%E1%BA%ADt)-i.202956913.6882444496?position=44
N·ªám cao su non,"N·ªám cao su non - ƒë·ªám cao su t·ªïng h·ª£p JADEITONE ch√≠nh h√£ng Kim C∆∞∆°ng - n·ªám gi√° r·∫ª, tho√°ng m√°t d√πng b·ªën m√πa CS102",https://shopee.vn/N%E1%BB%87m-cao-su-non-%C4%91%E1%BB%87m-cao-su-t%E1%BB%95ng-h%E1%BB%A3p-JADEITONE-ch%C3%ADnh-h%C3%A3ng-Kim-C%C6%B0%C6%A1ng-n%E1%BB%87m-gi%C3%A1-r%E1%BA%BB-tho%C3%A1ng-m%C3%A1t-d%C3%B9ng-b%E1%BB%91n-m%C3%B9a-CS102-i.400725647.9223690404?ads_keyword=ne%CC%A3%CC%82m&adsid=11552840&campaignid=6260099&position=2
N·ªám cao su non,"N·ªám cao su non - ƒë·ªám cao su t·ªïng h·ª£p JADEITONE ch√≠nh h√£ng Kim C∆∞∆°ng - n·ªám gi√° r·∫ª, tho√°ng m√°t d√πng b·ªën m√πa CS102",https://shopee.vn/N%E1%BB%87m-cao-su-non-%C4%91%E1%BB%87m-cao-su-t%E1%BB%95ng-h%E1%BB%A3p-JADEITONE-ch%C3%ADnh-h%C3%A3ng-Kim-C%C6%B0%C6%A1ng-n%E1%BB%87m-gi%C3%A1-r%E1%BA%BB-tho%C3%A1ng-m%C3%A1t-d%C3%B9ng-b%E1%BB%91n-m%C3%B9a-CS102-i.400725647.9223690404?position=8
N·ªám cao su non,N√™Ã£m cao su non matxa daÃÄy 3cm.5cm ƒëuÃâ size,https://shopee.vn/N%C3%AA%CC%A3m-cao-su-non-matxa-da%CC%80y-3cm.5cm-%C4%91u%CC%89-size-i.62996878.3970353154?position=17
N·ªám cao su non,N·ªám Cao Su Non American - B·∫£oH√†nh 15 NƒÉm,https://shopee.vn/N%E1%BB%87m-Cao-Su-Non-American-B%E1%BA%A3oH%C3%A0nh-15-N%C4%83m-i.274851569.5356962647?position=23
N·ªám cao su non,N·ªám cao su non 1m6 x2x 3cm(ph√¢n)Kim C∆∞∆°ng(Diamond-gold),https://shopee.vn/-Q.T%C3%A2n-Ph%C3%BA-N%E1%BB%87m-cao-su-non-1m6-x2x-3cm(ph%C3%A2n)Kim-C%C6%B0%C6%A1ng(Diamond-gold)-i.48101293.1030196194?position=27
N·ªám cao su non,"N·ªám cao su non cao c·∫•p gi√° r·∫ª Th·∫Øng L·ª£i - H√†ng ch√≠nh h√£ng 100%, B·∫£o h√†nh 15 nƒÉm",https://shopee.vn/N%E1%BB%87m-cao-su-non-cao-c%E1%BA%A5p-gi%C3%A1-r%E1%BA%BB-Th%E1%BA%AFng-L%E1%BB%A3i-H%C3%A0ng-ch%C3%ADnh-h%C3%A3ng-100-B%E1%BA%A3o-h%C3%A0nh-15-n%C4%83m-i.453476267.10708264886?position=30
N·ªám cao su non,N·ªám cao su non matxa America - D√†y 3cm - Ph·∫°m Thanh [ƒê·ªß size] [FREESHIP N·ªòI TH√ÄNH],https://shopee.vn/N%E1%BB%87m-cao-su-non-matxa-America-D%C3%A0y-3cm-Ph%E1%BA%A1m-Thanh-%C4%90%E1%BB%A7-size-FREESHIP-N%E1%BB%98I-TH%C3%80NH--i.318318155.8602230344?position=33
N·ªám cao su non,"N·ªám Cao Su Non American, D√†y 10cm, B·∫£o H√†nh 10 NƒÉm",https://shopee.vn/N%E1%BB%87m-Cao-Su-Non-American-D%C3%A0y-10cm-B%E1%BA%A3o-H%C3%A0nh-10-N%C4%83m-i.97940068.2114285651?position=46
N·ªám cao su non,N·ªám cao su non than ho·∫°t t√≠nh WINNIES GREY ch√≠nh h√£ng ƒë·ªám Kim C∆∞∆°ng ch·∫•t l∆∞·ª£ng t·ªët gi√° r·∫ª tho√°ng m√°t d√πng b·ªën m√πa CS108,https://shopee.vn/N%E1%BB%87m-cao-su-non-than-ho%E1%BA%A1t-t%C3%ADnh-WINNIES-GREY-ch%C3%ADnh-h%C3%A3ng-%C4%91%E1%BB%87m-Kim-C%C6%B0%C6%A1ng-ch%E1%BA%A5t-l%C6%B0%E1%BB%A3ng-t%E1%BB%91t-gi%C3%A1-r%E1%BA%BB-tho%C3%A1ng-m%C3%A1t-d%C3%B9ng-b%E1%BB%91n-m%C3%B9a-CS108-i.400725647.7184881078?position=54
N·ªám cao su non,N·ªám cao su non 5(cm)ph√¢n ƒë·ªß c√°c size 1m0...1m8,https://shopee.vn/N%E1%BB%87m-cao-su-non-5(cm)ph%C3%A2n-%C4%91%E1%BB%A7-c%C3%A1c-size-1m0...1m8-i.126046243.4935084543?position=49
N·ªám cao su non,N·ªám cao su non 1m6 x2x 5cm(ph√¢n) Nh·∫≠t,https://shopee.vn/N%E1%BB%87m-cao-su-non-1m6-x2x-5cm(ph%C3%A2n)-Nh%E1%BA%ADt-i.48101293.1030238778?position=43
N·ªám cao su non,N·ªám cao su non AMERICAN,https://shopee.vn/N%E1%BB%87m-cao-su-non-AMERICAN-i.47829270.2223168268?position=32
N·ªám cao su non,N·ªám cao su non th·∫Øng l·ª£i g·∫•p 3,https://shopee.vn/N%E1%BB%87m-cao-su-non-th%E1%BA%AFng-l%E1%BB%A3i-g%E1%BA%A5p-3-i.119968500.7532971510?position=31
N·ªám cao su non,[R·∫ª V√¥ ƒê·ªãch] N·ªám Cao Su Non ƒê√†n H·ªìi Th·∫Øng L·ª£i - ƒê·ªám cao su t·ªïng h·ª£p ch√≠nh h√£ng Th·∫Øng L·ª£i - Tho√°ng m√°t 4 m√πa,https://shopee.vn/-R%E1%BA%BB-V%C3%B4-%C4%90%E1%BB%8Bch-N%E1%BB%87m-Cao-Su-Non-%C4%90%C3%A0n-H%E1%BB%93i-Th%E1%BA%AFng-L%E1%BB%A3i-%C4%90%E1%BB%87m-cao-su-t%E1%BB%95ng-h%E1%BB%A3p-ch%C3%ADnh-h%C3%A3ng-Th%E1%BA%AFng-L%E1%BB%A3i-Tho%C3%A1ng-m%C3%A1t-4-m%C3%B9a-i.431709776.10406608086?position=29
N·ªám cao su non,N·ªám cao su non Th·∫Øng L·ª£i d√†y 10cm,https://shopee.vn/N%E1%BB%87m-cao-su-non-Th%E1%BA%AFng-L%E1%BB%A3i-d%C3%A0y-10cm-i.119968500.5032350259?position=27
N·ªám cao su non,N·ªám cao su non matxa America - D√†y 3cm - Ph·∫°m Thanh [ƒê·ªß size] [FREESHIP N·ªòI TH√ÄNH],https://shopee.vn/N%E1%BB%87m-cao-su-non-matxa-America-D%C3%A0y-3cm-Ph%E1%BA%A1m-Thanh-%C4%90%E1%BB%A7-size-FREESHIP-N%E1%BB%98I-TH%C3%80NH--i.318318155.8602230344?position=26
N·ªám cao su non,N·ªám cao su non American phi√™n b·∫£n massage cao c·∫•p lo·∫°i m·ªèng g·ªçn nh·∫π 3 ph√¢n,https://shopee.vn/N%E1%BB%87m-cao-su-non-American-phi%C3%AAn-b%E1%BA%A3n-massage-cao-c%E1%BA%A5p-lo%E1%BA%A1i-m%E1%BB%8Fng-g%E1%BB%8Dn-nh%E1%BA%B9-3-ph%C3%A2n-i.8398725.5506104645?position=25
N·ªám cao su non,N·ªám Cao su Non AMERICAN| ƒê·∫ßy ƒê·ªß Size | Gi√° R·∫ª si√™u Khuy·∫øn M√£i,https://shopee.vn/N%E1%BB%87m-Cao-su-Non-AMERICAN-%C4%90%E1%BA%A7y-%C4%90%E1%BB%A7-Size-Gi%C3%A1-R%E1%BA%BB-si%C3%AAu-Khuy%E1%BA%BFn-M%C3%A3i-i.274852294.7538201554?position=24
N·ªám cao su non,N·ªám cao su non 80% thi√™n nhi√™n 10p b·∫£o h√†nh 15 nƒÉm ƒë·ªß c√°c size 1m0...1m8,https://shopee.vn/N%E1%BB%87m-cao-su-non-80-thi%C3%AAn-nhi%C3%AAn-10p-b%E1%BA%A3o-h%C3%A0nh-15-n%C4%83m-%C4%91%E1%BB%A7-c%C3%A1c-size-1m0...1m8-i.48101293.2082697465?position=23
N·ªám cao su non,N·ªám cao su non American g·∫•p 3,https://shopee.vn/N%E1%BB%87m-cao-su-non-American-g%E1%BA%A5p-3-i.47077941.4204503981?position=21
N·ªám cao su non,N√™Ã£m cao su non matxa daÃÄy 3cm.5cm ƒëuÃâ size,https://shopee.vn/N%C3%AA%CC%A3m-cao-su-non-matxa-da%CC%80y-3cm.5cm-%C4%91u%CC%89-size-i.62996878.3970353154?position=20
N·ªám cao su non,N·ªám Cao Su Non American Japan d√†y 5 ph√¢n 1mx2m,https://shopee.vn/N%E1%BB%87m-Cao-Su-Non-American-Japan-d%C3%A0y-5-ph%C3%A2n-1mx2m-i.8398725.4600796624?position=19
N·ªám cao su non,N·ªám cao su non 3 (cm)ph√¢n ƒë·ªß c√°i Size c√≥ l·ªó th√¥ng h∆°i 1m0...1m8 GI√Å GI·∫¢M S·ªêC,https://shopee.vn/N%E1%BB%87m-cao-su-non-3-(cm)ph%C3%A2n-%C4%91%E1%BB%A7-c%C3%A1i-Size-c%C3%B3-l%E1%BB%97-th%C3%B4ng-h%C6%A1i-1m0...1m8-GI%C3%81-GI%E1%BA%A2M-S%E1%BB%90C-i.191522235.7606241691?position=17
N·ªám cao su non,N·ªám cao su non 1m6 x2x 3cm(ph√¢n)Kim C∆∞∆°ng(Diamond-gold),https://shopee.vn/N%E1%BB%87m-cao-su-non-1m6-x2x-3cm(ph%C3%A2n)Kim-C%C6%B0%C6%A1ng(Diamond-gold)-i.48101293.1030196194?position=16
N·ªám cao su non,N·ªám Cao Su Non American - B·∫£oH√†nh 15 NƒÉm,https://shopee.vn/N%E1%BB%87m-Cao-Su-Non-American-B%E1%BA%A3oH%C3%A0nh-15-N%C4%83m-i.274851569.5356962647?position=14
N·ªám cao su non,"N·ªám cao su non - ƒë·ªám cao su t·ªïng h·ª£p JADEITONE ch√≠nh h√£ng Kim C∆∞∆°ng - n·ªám gi√° r·∫ª, tho√°ng m√°t d√πng b·ªën m√πa CS102",https://shopee.vn/N%E1%BB%87m-cao-su-non-%C4%91%E1%BB%87m-cao-su-t%E1%BB%95ng-h%E1%BB%A3p-JADEITONE-ch%C3%ADnh-h%C3%A3ng-Kim-C%C6%B0%C6%A1ng-n%E1%BB%87m-gi%C3%A1-r%E1%BA%BB-tho%C3%A1ng-m%C3%A1t-d%C3%B9ng-b%E1%BB%91n-m%C3%B9a-CS102-i.400725647.9223690404?position=11
N·ªám cao su non,N·ªám cao su non American 1m6 x 2m x10ph√¢n,https://shopee.vn/N%E1%BB%87m-cao-su-non-American-1m6-x-2m-x10ph%C3%A2n-i.47077941.1244272736?position=8
N·ªám cao su non,"N·ªám cao su non cao c·∫•p gi√° r·∫ª Th·∫Øng L·ª£i - H√†ng ch√≠nh h√£ng 100%, B·∫£o h√†nh 15 nƒÉm",https://shopee.vn/N%E1%BB%87m-cao-su-non-cao-c%E1%BA%A5p-gi%C3%A1-r%E1%BA%BB-Th%E1%BA%AFng-L%E1%BB%A3i-H%C3%A0ng-ch%C3%ADnh-h%C3%A3ng-100-B%E1%BA%A3o-h%C3%A0nh-15-n%C4%83m-i.453476267.10708264886?position=7
N·ªám cao su non,"N·ªám Cao Su Non American, D√†y 10cm, B·∫£o H√†nh 10 NƒÉm",https://shopee.vn/N%E1%BB%87m-Cao-Su-Non-American-D%C3%A0y-10cm-B%E1%BA%A3o-H%C3%A0nh-10-N%C4%83m-i.97940068.2114285651?position=6
N·ªám cao su non,"N·ªám cao su non - ƒë·ªám cao su t·ªïng h·ª£p JADEITONE ch√≠nh h√£ng Kim C∆∞∆°ng - n·ªám gi√° r·∫ª, tho√°ng m√°t d√πng b·ªën m√πa CS102",https://shopee.vn/N%E1%BB%87m-cao-su-non-%C4%91%E1%BB%87m-cao-su-t%E1%BB%95ng-h%E1%BB%A3p-JADEITONE-ch%C3%ADnh-h%C3%A3ng-Kim-C%C6%B0%C6%A1ng-n%E1%BB%87m-gi%C3%A1-r%E1%BA%BB-tho%C3%A1ng-m%C3%A1t-d%C3%B9ng-b%E1%BB%91n-m%C3%B9a-CS102-i.400725647.9223690404?ads_keyword=n%E1%BB%87m%20cao%20su&adsid=11552840&campaignid=6260099&position=2
N·ªám cao su,N·ªám Cao Su American Cao 10cm ƒë·ªß size,https://shopee.vn/N%E1%BB%87m-Cao-Su-American-Cao-10cm-%C4%91%E1%BB%A7-size-i.47077941.1366394862?position=14
N·ªám cao su,N·ªám cao su Th·∫Øng l·ª£i ƒë·ªß c√°c size cao 10cm(ph√¢n) bh 15 nƒÉm,https://shopee.vn/N%E1%BB%87m-cao-su-Th%E1%BA%AFng-l%E1%BB%A3i-%C4%91%E1%BB%A7-c%C3%A1c-size-cao-10cm(ph%C3%A2n)-bh-15-n%C4%83m-i.48101293.7103476924?position=48
N·ªám cao su,N·ªám cao su Thi√™n Nhi√™n Wonder Foam Th·∫Øng L·ª£i 10p,https://shopee.vn/N%E1%BB%87m-cao-su-Thi%C3%AAn-Nhi%C3%AAn-Wonder-Foam-Th%E1%BA%AFng-L%E1%BB%A3i-10p-i.48101293.6568174277?position=41
N·ªám cao su,N·ªám cao su Th·∫Øng L·ª£i g·∫•p 3 cao 10p ƒë·ªß c√°c size,https://shopee.vn/N%E1%BB%87m-cao-su-Th%E1%BA%AFng-L%E1%BB%A3i-g%E1%BA%A5p-3-cao-10p-%C4%91%E1%BB%A7-c%C3%A1c-size-i.48101293.6402771648?position=50
N·ªám cao su,N·ªám Cao Su Em B√© Li√™n √Å Bambino + 1 √Åo N·ªám - An To√†n Tuy·ªát ƒê·ªëi,https://shopee.vn/N%E1%BB%87m-Cao-Su-Em-B%C3%A9-Li%C3%AAn-%C3%81-Bambino-1-%C3%81o-N%E1%BB%87m-An-To%C3%A0n-Tuy%E1%BB%87t-%C4%90%E1%BB%91i-i.97940068.6219407326?position=47
N·ªám cao su,N·ªám Cao Su Thu·∫ßn Vi·ªát Premium ( ƒê·ªß k√≠ch th∆∞·ªõc) B·∫£o h√†nh 15 NƒÉm,https://shopee.vn/N%E1%BB%87m-Cao-Su-Thu%E1%BA%A7n-Vi%E1%BB%87t-Premium-(-%C4%90%E1%BB%A7-k%C3%ADch-th%C6%B0%E1%BB%9Bc)-B%E1%BA%A3o-h%C3%A0nh-15-N%C4%83m-i.192017475.7044806797?position=48
N·ªám cao su,N·ªám cao su thi√™n nhi√™n Gold Late TH·∫ÆNG L·ª¢I 10p(cm) ƒë·ªß c√°c size 1m0...1m2,https://shopee.vn/N%E1%BB%87m-cao-su-thi%C3%AAn-nhi%C3%AAn-Gold-Late-TH%E1%BA%AENG-L%E1%BB%A2I-10p(cm)-%C4%91%E1%BB%A7-c%C3%A1c-size-1m0...1m2-i.48101293.7175817706?position=41
N·ªám cao su,N·ªám Cao Su Non American Japan d√†y 3 ph√¢n lo·∫°i m·ªèng nh·∫π ti·ªán d·ª•ng ƒë·ªß k√≠ch th∆∞·ªõc,https://shopee.vn/N%E1%BB%87m-Cao-Su-Non-American-Japan-d%C3%A0y-3-ph%C3%A2n-lo%E1%BA%A1i-m%E1%BB%8Fng-nh%E1%BA%B9-ti%E1%BB%87n-d%E1%BB%A5ng-%C4%91%E1%BB%A7-k%C3%ADch-th%C6%B0%E1%BB%9Bc-i.8398725.6500605635?position=35
N·ªám cao su,N·ªám cao su Th·∫Øng l·ª£i ƒë·ªß c√°c size cao 10cm(ph√¢n) bh 15 nƒÉm,https://shopee.vn/N%E1%BB%87m-cao-su-Th%E1%BA%AFng-l%E1%BB%A3i-%C4%91%E1%BB%A7-c%C3%A1c-size-cao-10cm(ph%C3%A2n)-bh-15-n%C4%83m-i.48101293.7103476924?position=12
N·ªám cao su,N·ªám Cao Su American Cao 10cm ƒë·ªß size,https://shopee.vn/N%E1%BB%87m-Cao-Su-American-Cao-10cm-%C4%91%E1%BB%A7-size-i.47077941.1366394862?position=5
N·ªám b√¥ng √©p,N·ªám g·∫•p 3 ch·∫•t li·ªáu PE g·ªçn nh·∫π d·ªÖ s·ª≠ d·ª•ng 80cm.1m.1m2-1m4-1m6-1m8x2m,https://shopee.vn/N%E1%BB%87m-g%E1%BA%A5p-3-ch%E1%BA%A5t-li%E1%BB%87u-PE-g%E1%BB%8Dn-nh%E1%BA%B9-d%E1%BB%85-s%E1%BB%AD-d%E1%BB%A5ng-80cm.1m.1m2-1m4-1m6-1m8x2m-i.62996878.1286340654?position=7
N·ªám b√¥ng √©p,N√™Ã£m goÃÄn eÃÅp (b√¥ng eÃÅp) 1m x 2m cao 5cm,https://shopee.vn/N%C3%AA%CC%A3m-go%CC%80n-e%CC%81p-(b%C3%B4ng-e%CC%81p)-1m-x-2m-cao-5cm-i.62996878.1677312523?position=21
N·ªám b√¥ng √©p,N√™Ã£m g·∫•p pe korea haÃÄn qu√¥ÃÅc (80cm x 2m).cao 3 ph√¢n,https://shopee.vn/N%C3%AA%CC%A3m-g%E1%BA%A5p-pe-korea-ha%CC%80n-qu%C3%B4%CC%81c-(80cm-x-2m).cao-3-ph%C3%A2n-i.62996878.1636790334?position=26
N·ªám b√¥ng √©p,"N·ªám PE 1,2Mx2Mx3cm Korea H√†n Qu·ªëc G·∫§P 3- giao m√†u ng·∫´u nhi√™n",https://shopee.vn/N%E1%BB%87m-PE-1-2Mx2Mx3cm-Korea-H%C3%A0n-Qu%E1%BB%91c-G%E1%BA%A4P-3-giao-m%C3%A0u-ng%E1%BA%ABu-nhi%C3%AAn-i.31732068.440928296?position=28
N·ªám b√¥ng √©p,ƒê·ªám b√¥ng √©p c√≥ v·ªè b·ªçc v·∫£i g·∫•m d√†y d·∫∑n,https://shopee.vn/%C4%90%E1%BB%87m-b%C3%B4ng-%C3%A9p-c%C3%B3-v%E1%BB%8F-b%E1%BB%8Dc-v%E1%BA%A3i-g%E1%BA%A5m-d%C3%A0y-d%E1%BA%B7n-i.42953430.1779053351?position=8
N·ªám b√¥ng √©p,ƒê·ªám b√¥ng √©p h√†n qu·ªëc Hanviko b√¥ng kh√°ng khu·∫©n SALE K·ªãch s√†n,https://shopee.vn/%C4%90%E1%BB%87m-b%C3%B4ng-%C3%A9p-h%C3%A0n-qu%E1%BB%91c-Hanviko-b%C3%B4ng-kh%C3%A1ng-khu%E1%BA%A9n-SALE-K%E1%BB%8Bch-s%C3%A0n-i.413433222.8760351808?position=7
N·ªám b√¥ng √©p,ƒê·ªám b√¥ng √©p Vi·ªát H√†n ƒë·ªß t·∫•t c·∫£ k√≠ch th∆∞·ªõc b·∫£o h√†nh 1 nƒÉm ( giao h√†ng ·ªü h√† n·ªôi th√¥i ·∫° ),https://shopee.vn/%C4%90%E1%BB%87m-b%C3%B4ng-%C3%A9p-Vi%E1%BB%87t-H%C3%A0n-%C4%91%E1%BB%A7-t%E1%BA%A5t-c%E1%BA%A3-k%C3%ADch-th%C6%B0%E1%BB%9Bc-b%E1%BA%A3o-h%C3%A0nh-1-n%C4%83m-(-giao-h%C3%A0ng-%E1%BB%9F-h%C3%A0-n%E1%BB%99i-th%C3%B4i-%E1%BA%A1-)-i.303685558.8623969298?position=6
N·ªám b√¥ng √©p,ƒê·ªÜM B√îNG √âP H√ÄN QU·ªêC HANVIKO,https://shopee.vn/%C4%90%E1%BB%86M-B%C3%94NG-%C3%89P-H%C3%80N-QU%E1%BB%90C-HANVIKO-i.296736591.7188558490?position=5
N·ªám b√¥ng √©p,ƒê·ªám foam ti√™u chu·∫©n cho kh√°ch s·∫°n 5 sao,https://shopee.vn/%C4%90%E1%BB%87m-foam-ti%C3%AAu-chu%E1%BA%A9n-cho-kh%C3%A1ch-s%E1%BA%A1n-5-sao-i.225485910.10306665718?ads_keyword=wkdaelpmissisiht&adsid=15196097&campaignid=8403484&position=3
N·ªám b√¥ng √©p,ƒê·ªám B√¥ng √âp HK HANVICO Cao C·∫•p Ch√≠nh H√£ng Ch·ªëng ƒêau L∆∞ng Vai G√°y,https://shopee.vn/%C4%90%E1%BB%87m-B%C3%B4ng-%C3%89p-HK-HANVICO-Cao-C%E1%BA%A5p-Ch%C3%ADnh-H%C3%A3ng-Ch%E1%BB%91ng-%C4%90au-L%C6%B0ng-Vai-G%C3%A1y-i.236129332.2947469964?ads_keyword=%C4%91%E1%BB%87m%20b%C3%B4ng%20%C3%A9p&adsid=16211153&campaignid=8972623&position=2
N·ªám b√¥ng √©p,"ƒêeÃ£ÃÇm , N·ªám BoÃÇng EÃÅp ChoÃÇÃÅng ƒêau LuÃõng Vai GaÃÅy",https://shopee.vn/%C4%90e%CC%A3%CC%82m-N%E1%BB%87m-Bo%CC%82ng-E%CC%81p-Cho%CC%82%CC%81ng-%C4%90au-Lu%CC%9Bng-Vai-Ga%CC%81y-i.104490441.5645927349?ads_keyword=%C4%91%E1%BB%87m%20b%C3%B4ng%20%C3%A9p&adsid=7214492&campaignid=3914645&position=1
N·ªám b√¥ng √©p,ƒê·ªám b√¥ng √©p c√≥ v·ªè b·ªçc v·∫£i g·∫•m d√†y d·∫∑n,https://shopee.vn/%C4%90%E1%BB%87m-b%C3%B4ng-%C3%A9p-c%C3%B3-v%E1%BB%8F-b%E1%BB%8Dc-v%E1%BA%A3i-g%E1%BA%A5m-d%C3%A0y-d%E1%BA%B7n-i.42953430.1779053351?ads_keyword=dem%20bong%20ep&adsid=10778161&campaignid=5424993&position=0
N·ªám b√¥ng √©p,"ƒêeÃ£ÃÇm , N·ªám BoÃÇng EÃÅp ChoÃÇÃÅng ƒêau LuÃõng Vai GaÃÅy",https://shopee.vn/%C4%90e%CC%A3%CC%82m-N%E1%BB%87m-Bo%CC%82ng-E%CC%81p-Cho%CC%82%CC%81ng-%C4%90au-Lu%CC%9Bng-Vai-Ga%CC%81y-i.104490441.5645927349?position=10
N·ªám b√¥ng √©p,ƒê·ªám b√¥ng √©p EVER0N ch√≠nh h√£ng cao c·∫•p,https://shopee.vn/%C4%90%E1%BB%87m-b%C3%B4ng-%C3%A9p-EVER0N-ch%C3%ADnh-h%C3%A3ng-cao-c%E1%BA%A5p-i.236129332.10113529180?ads_keyword=%C4%91%E1%BB%87m%20everon&adsid=16210980&campaignid=8972625&position=55
N·ªám b√¥ng √©p,ƒê·ªám C≈©i Ch·∫•t Li·ªáu B√¥ng √âp T·ª± Nhi√™n Cao C·∫•p ƒê·ªám Tr·ª©ng M√°t Xa Cho B√© ƒê∆∞·ª£c C·∫£i Ti·∫øn Gi√∫p B√© Th∆∞ Gi√£n,https://shopee.vn/%C4%90%E1%BB%87m-C%C5%A9i-Ch%E1%BA%A5t-Li%E1%BB%87u-B%C3%B4ng-%C3%89p-T%E1%BB%B1-Nhi%C3%AAn-Cao-C%E1%BA%A5p-%C4%90%E1%BB%87m-Tr%E1%BB%A9ng-M%C3%A1t-Xa-Cho-B%C3%A9-%C4%90%C6%B0%E1%BB%A3c-C%E1%BA%A3i-Ti%E1%BA%BFn-Gi%C3%BAp-B%C3%A9-Th%C6%B0-Gi%C3%A3n-i.41187566.5813509462?ads_keyword=wkdaelpmissisiht&adsid=8586947&campaignid=3731708&position=56
N·ªám b√¥ng √©p,ƒê·ªÜM B√îNG √âP CHO C≈®I,https://shopee.vn/%C4%90%E1%BB%86M-B%C3%94NG-%C3%89P-CHO-C%C5%A8I-i.19733009.2391275288?position=51
N·ªám b√¥ng √©p,ƒê·ªám C≈©i Cho B√© N·ªám C≈©i Cho B√© ƒê√™m Tr·ª©ng M√°t Xa Ch·∫•t Li·ªáu B√¥ng √âp S·∫£n Ph·∫©m ƒê∆∞·ª£c C·∫£i Ti·∫øn Ho√†n H·∫£o Gi√∫p Cho B√© Th∆∞ Gi√™,https://shopee.vn/%C4%90%E1%BB%87m-C%C5%A9i-Cho-B%C3%A9-N%E1%BB%87m-C%C5%A9i-Cho-B%C3%A9-%C4%90%C3%AAm-Tr%E1%BB%A9ng-M%C3%A1t-Xa-Ch%E1%BA%A5t-Li%E1%BB%87u-B%C3%B4ng-%C3%89p-S%E1%BA%A3n-Ph%E1%BA%A9m-%C4%90%C6%B0%E1%BB%A3c-C%E1%BA%A3i-Ti%E1%BA%BFn-Ho%C3%A0n-H%E1%BA%A3o-Gi%C3%BAp-Cho-B%C3%A9-Th%C6%B0-Gi%C3%AA-i.41187566.5144309653?position=52
N·ªám b√¥ng √©p,"ƒê·ªám b√¥ng √©p Vi·ªát H√†n 1m8x2m ƒë·ªß ƒë·ªô d√†y 5/7/9cm Sheen bedding,ƒë√™m g·∫•p 3 t·∫•m cao c·∫•p",https://shopee.vn/%C4%90%E1%BB%87m-b%C3%B4ng-%C3%A9p-Vi%E1%BB%87t-H%C3%A0n-1m8x2m-%C4%91%E1%BB%A7-%C4%91%E1%BB%99-d%C3%A0y-5-7-9cm-Sheen-bedding-%C4%91%C3%AAm-g%E1%BA%A5p-3-t%E1%BA%A5m-cao-c%E1%BA%A5p-i.202956913.4908933565?position=53
N·ªám b√¥ng √©p,1 ƒê·ªám b√¥ng √©p kt 65*145*5cm,https://shopee.vn/1-%C4%90%E1%BB%87m-b%C3%B4ng-%C3%A9p-kt-65*145*5cm-i.42953430.6932861271?position=49
N·ªám b√¥ng √©p,ƒê·ªám b√¥ng √©p EVER0N ch√≠nh h√£ng cao c·∫•p,https://shopee.vn/%C4%90%E1%BB%87m-b%C3%B4ng-%C3%A9p-EVER0N-ch%C3%ADnh-h%C3%A3ng-cao-c%E1%BA%A5p-i.236129332.10113529180?position=48
N·ªám b√¥ng √©p,ƒê·ªám b√¥ng √©p 1m6x2m ƒë·ªß ƒë·ªô d√†y 5/7/9cm v·ªè b·ªçc g·∫•m cao c·∫•p,https://shopee.vn/%C4%90%E1%BB%87m-b%C3%B4ng-%C3%A9p-1m6x2m-%C4%91%E1%BB%A7-%C4%91%E1%BB%99-d%C3%A0y-5-7-9cm-v%E1%BB%8F-b%E1%BB%8Dc-g%E1%BA%A5m-cao-c%E1%BA%A5p-i.216493073.4726529533?position=45
N·ªám b√¥ng √©p,ƒê·ªám C≈©i Ch·∫•t Li·ªáu B√¥ng √âp T·ª± Nhi√™n Cao C·∫•p ƒê·ªám Tr·ª©ng M√°t Xa Cho B√© ƒê∆∞·ª£c C·∫£i Ti·∫øn Gi√∫p B√© Th∆∞ Gi√£n,https://shopee.vn/%C4%90%E1%BB%87m-C%C5%A9i-Ch%E1%BA%A5t-Li%E1%BB%87u-B%C3%B4ng-%C3%89p-T%E1%BB%B1-Nhi%C3%AAn-Cao-C%E1%BA%A5p-%C4%90%E1%BB%87m-Tr%E1%BB%A9ng-M%C3%A1t-Xa-Cho-B%C3%A9-%C4%90%C6%B0%E1%BB%A3c-C%E1%BA%A3i-Ti%E1%BA%BFn-Gi%C3%BAp-B%C3%A9-Th%C6%B0-Gi%C3%A3n-i.41187566.5813509462?position=42
N·ªám b√¥ng √©p,"ƒê·ªám b√¥ng √©p n√¥i c≈©i, k√≠ch th∆∞·ªõc 60x115cm cho b√©",https://shopee.vn/%C4%90%E1%BB%87m-b%C3%B4ng-%C3%A9p-n%C3%B4i-c%C5%A9i-k%C3%ADch-th%C6%B0%E1%BB%9Bc-60x115cm-cho-b%C3%A9-i.298214248.5983598117?position=39
N·ªám b√¥ng √©p,[GI√Å S·ªêC] ƒê·ªám b√¥ng √©p Ever ƒë·ªám ch·ªëng tho√°i h√≥a c·ªôt s·ªëng v√† t·ªët cho x∆∞∆°ng kh·ªõp,https://shopee.vn/-GI%C3%81-S%E1%BB%90C-%C4%90%E1%BB%87m-b%C3%B4ng-%C3%A9p-Ever-%C4%91%E1%BB%87m-ch%E1%BB%91ng-tho%C3%A1i-h%C3%B3a-c%E1%BB%99t-s%E1%BB%91ng-v%C3%A0-t%E1%BB%91t-cho-x%C6%B0%C6%A1ng-kh%E1%BB%9Bp-i.405916889.4682414960?position=33
N·ªám b√¥ng √©p,[GI√Å S·ªêC] ƒê·ªám b√¥ng √©p tr·∫ßn cao c·∫•p Roland t·ªët cho c·ªôt s·ªëng v√† ko b·ªã tr≈©ng v√† m·ªèi l∆∞ng,https://shopee.vn/-GI%C3%81-S%E1%BB%90C-%C4%90%E1%BB%87m-b%C3%B4ng-%C3%A9p-tr%E1%BA%A7n-cao-c%E1%BA%A5p-Roland-t%E1%BB%91t-cho-c%E1%BB%99t-s%E1%BB%91ng-v%C3%A0-ko-b%E1%BB%8B-tr%C5%A9ng-v%C3%A0-m%E1%BB%8Fi-l%C6%B0ng-i.405916889.5682413216?position=32
N·ªám b√¥ng √©p,ƒê·ªÜM C≈®I B√îNG EÃÅP CAO C·∫§P( √°o ƒë·ªám ch·ªëng th·∫•m cotton),https://shopee.vn/%C4%90%E1%BB%86M-C%C5%A8I-B%C3%94NG-E%CC%81P-CAO-C%E1%BA%A4P(-%C3%A1o-%C4%91%E1%BB%87m-ch%E1%BB%91ng-th%E1%BA%A5m-cotton)-i.154633993.2580844064?position=30
N·ªám b√¥ng √©p,ƒê·ªám b√¥ng √©p H√†n Qu·ªëc HK Hanviko c√°c k√≠ch c·ª°,https://shopee.vn/%C4%90%E1%BB%87m-b%C3%B4ng-%C3%A9p-H%C3%A0n-Qu%E1%BB%91c-HK-Hanviko-c%C3%A1c-k%C3%ADch-c%E1%BB%A1-i.121274905.5000763842?position=28
N·ªám b√¥ng √©p,"ƒê·ªám C≈©i Cho B√© Ch·∫•t Li·ªáu B√¥ng √âp T·ª± Nhi√™n, Ga Chun B·ªçc ƒê·ªám Cotton Cho ƒê·ªám tho√°ng kh√≠ h√∫t m·ªì h√¥i t·ªët tr√°nh ∆∞·ªõt l∆∞ng",https://shopee.vn/%C4%90%E1%BB%87m-C%C5%A9i-Cho-B%C3%A9-Ch%E1%BA%A5t-Li%E1%BB%87u-B%C3%B4ng-%C3%89p-T%E1%BB%B1-Nhi%C3%AAn-Ga-Chun-B%E1%BB%8Dc-%C4%90%E1%BB%87m-Cotton-Cho-%C4%90%E1%BB%87m-tho%C3%A1ng-kh%C3%AD-h%C3%BAt-m%E1%BB%93-h%C3%B4i-t%E1%BB%91t-tr%C3%A1nh-%C6%B0%E1%BB%9Bt-l%C6%B0ng-i.475776299.9971643823?position=26
N·ªám b√¥ng √©p,ƒê·ªám b√¥ng √©p cao c·∫•p t·ª´ 1m ƒë·∫øn 1m8(n√≥i kh√¥ng v·ªõi h√†ng nh√°i),https://shopee.vn/%C4%90%E1%BB%87m-b%C3%B4ng-%C3%A9p-cao-c%E1%BA%A5p-t%E1%BB%AB-1m-%C4%91%E1%BA%BFn-1m8(n%C3%B3i-kh%C3%B4ng-v%E1%BB%9Bi-h%C3%A0ng-nh%C3%A1i)-i.53687042.4050313648?position=25
N·ªám b√¥ng √©p,‚≠êÔ∏è[SALE S·ªêC]üéâ ƒê·ªÜM B√îNG √âP CAO C·∫§P EVER0N CH√çNH H√ÉNG CH·ªêNG ƒêAU M·ªéI VAI G√ÅY,https://shopee.vn/%E2%AD%90%EF%B8%8F-SALE-S%E1%BB%90C-%F0%9F%8E%89-%C4%90%E1%BB%86M-B%C3%94NG-%C3%89P-CAO-C%E1%BA%A4P-EVER0N-CH%C3%8DNH-H%C3%83NG-CH%E1%BB%90NG-%C4%90AU-M%E1%BB%8EI-VAI-G%C3%81Y-i.253056089.4458458322?position=24
N·ªám b√¥ng √©p,ƒê·ªám B√¥ng √âp HK HANVICO Cao C·∫•p Ch√≠nh H√£ng Ch·ªëng ƒêau L∆∞ng Vai G√°y,https://shopee.vn/%C4%90%E1%BB%87m-B%C3%B4ng-%C3%89p-HK-HANVICO-Cao-C%E1%BA%A5p-Ch%C3%ADnh-H%C3%A3ng-Ch%E1%BB%91ng-%C4%90au-L%C6%B0ng-Vai-G%C3%A1y-i.236129332.2947469964?position=18
N·ªám b√¥ng √©p,"ƒê·ªám b√¥ng √©p Vi·ªát H√†n,Korea,Hanviko t·ª´ 1m2 ƒë·∫øn 1m8 ch√≠nh h√£ng cao c·∫•p Gi√° r·∫ª nh∆∞ng l·∫°i ch·∫•t l∆∞·ª£ng cao",https://shopee.vn/%C4%90%E1%BB%87m-b%C3%B4ng-%C3%A9p-Vi%E1%BB%87t-H%C3%A0n-Korea-Hanviko-t%E1%BB%AB-1m2-%C4%91%E1%BA%BFn-1m8-ch%C3%ADnh-h%C3%A3ng-cao-c%E1%BA%A5p-Gi%C3%A1-r%E1%BA%BB-nh%C6%B0ng-l%E1%BA%A1i-ch%E1%BA%A5t-l%C6%B0%E1%BB%A3ng-cao-i.475776299.9171663079?position=17
N·ªám b√¥ng √©p,ƒê·ªám b√¥ng √©p Vi·ªát H√†n t·ª´ 1m2 ƒë·∫øn 1m8 ( ·∫¢nh Th·∫≠t T·ª± Ch·ª•p ),https://shopee.vn/%C4%90%E1%BB%87m-b%C3%B4ng-%C3%A9p-Vi%E1%BB%87t-H%C3%A0n-t%E1%BB%AB-1m2-%C4%91%E1%BA%BFn-1m8-(-%E1%BA%A2nh-Th%E1%BA%ADt-T%E1%BB%B1-Ch%E1%BB%A5p-)-i.207102577.7333206191?position=15
N·ªám b√¥ng √©p,ƒê·ªám b√¥ng √©p Vi·ªát H√†n t·ª´ 1m2 ƒë·∫øn 1m8 ch√≠nh h√£ng cao c·∫•p,https://shopee.vn/%C4%90%E1%BB%87m-b%C3%B4ng-%C3%A9p-Vi%E1%BB%87t-H%C3%A0n-t%E1%BB%AB-1m2-%C4%91%E1%BA%BFn-1m8-ch%C3%ADnh-h%C3%A3ng-cao-c%E1%BA%A5p-i.107112414.9401831087?position=14
N·ªám b√¥ng √©p,ƒê·ªám b√¥ng √©p Vi·ªát H√†n t·ª´ 1m2 ƒë·∫øn 1m8 (·∫£nh th·∫≠t t·ª± ch·ª•p),https://shopee.vn/%C4%90%E1%BB%87m-b%C3%B4ng-%C3%A9p-Vi%E1%BB%87t-H%C3%A0n-t%E1%BB%AB-1m2-%C4%91%E1%BA%BFn-1m8-(%E1%BA%A3nh-th%E1%BA%ADt-t%E1%BB%B1-ch%E1%BB%A5p)-i.216493073.7927154574?position=13
N·ªám b√¥ng √©p,ƒê·ªÜM B√îNG √âP H√ÄN QU·ªêC HANVIKO,https://shopee.vn/%C4%90%E1%BB%86M-B%C3%94NG-%C3%89P-H%C3%80N-QU%E1%BB%90C-HANVIKO-i.270303342.10204081357?position=12
N·ªám b√¥ng √©p,ƒê·ªám b√¥ng √©p b·ªçc g·∫•m g·∫•p 3 t·ª´ 1m2 ƒë·∫øn 1m8 ƒë·ªám kh√¥ng l√∫n(·∫£nh th·∫≠t t·ª± ch·ª•p),https://shopee.vn/%C4%90%E1%BB%87m-b%C3%B4ng-%C3%A9p-b%E1%BB%8Dc-g%E1%BA%A5m-g%E1%BA%A5p-3-t%E1%BB%AB-1m2-%C4%91%E1%BA%BFn-1m8-%C4%91%E1%BB%87m-kh%C3%B4ng-l%C3%BAn(%E1%BA%A3nh-th%E1%BA%ADt-t%E1%BB%B1-ch%E1%BB%A5p)-i.216493073.5227168086?position=11
N·ªám b√¥ng √©p,ƒê·ªám b√¥ng √©p QEENSWEET cao c·∫•p t·ª´ 1m ƒë·∫øn 1m8(n√≥i kh√¥ng v·ªõi h√†ng nh√°i),https://shopee.vn/%C4%90%E1%BB%87m-b%C3%B4ng-%C3%A9p-QEENSWEET-cao-c%E1%BA%A5p-t%E1%BB%AB-1m-%C4%91%E1%BA%BFn-1m8(n%C3%B3i-kh%C3%B4ng-v%E1%BB%9Bi-h%C3%A0ng-nh%C3%A1i)-i.290661573.7847225294?position=108
N·ªám b√¥ng √©p,"ƒê·ªám c≈©i b√¥ng √©p lo·∫°i 1 h√†ng chu·∫©n c√¥ng ty( d√†y 5cm), k√®m ga ch·ªëng th·∫•m b·ªçc ngo√†i",https://shopee.vn/%C4%90%E1%BB%87m-c%C5%A9i-b%C3%B4ng-%C3%A9p-lo%E1%BA%A1i-1-h%C3%A0ng-chu%E1%BA%A9n-c%C3%B4ng-ty(-d%C3%A0y-5cm)-k%C3%A8m-ga-ch%E1%BB%91ng-th%E1%BA%A5m-b%E1%BB%8Dc-ngo%C3%A0i-i.36307950.2106694402?position=103
N·ªám b√¥ng √©p,üéâ[SALE] ƒê·ªám B√¥ng √âp Vi·ªát H√†n Cao C·∫•p ƒê·ªß M·ªçi K√≠ch Thu·ªõc,https://shopee.vn/%F0%9F%8E%89-SALE-%C4%90%E1%BB%87m-B%C3%B4ng-%C3%89p-Vi%E1%BB%87t-H%C3%A0n-Cao-C%E1%BA%A5p-%C4%90%E1%BB%A7-M%E1%BB%8Di-K%C3%ADch-Thu%E1%BB%9Bc-i.326721362.7371368097?position=102
N·ªám b√¥ng √©p,ƒê·ªám b√¥ng √©p EVER0N cao c·∫•p h√†ng chu·∫©n 100%,https://shopee.vn/%C4%90%E1%BB%87m-b%C3%B4ng-%C3%A9p-EVER0N-cao-c%E1%BA%A5p-h%C3%A0ng-chu%E1%BA%A9n-100--i.216493073.7949738036?position=99
N·ªám b√¥ng √©p,"ƒê·ªám b√¥ng √©p Vi·ªát H√†n,Korea,Hanviko t·ª´ 1m2 ƒë·∫øn 1m8 ch√≠nh h√£ng cao c·∫•p Gi√° r·∫ª nh∆∞ng l·∫°i ch·∫•t l∆∞·ª£ng cao",https://shopee.vn/%C4%90%E1%BB%87m-b%C3%B4ng-%C3%A9p-Vi%E1%BB%87t-H%C3%A0n-Korea-Hanviko-t%E1%BB%AB-1m2-%C4%91%E1%BA%BFn-1m8-ch%C3%ADnh-h%C3%A3ng-cao-c%E1%BA%A5p-Gi%C3%A1-r%E1%BA%BB-nh%C6%B0ng-l%E1%BA%A1i-ch%E1%BA%A5t-l%C6%B0%E1%BB%A3ng-cao-i.438544723.7688929674?position=98
N·ªám b√¥ng √©p,"[H√ÄNG CHU·∫®N] ƒê·ªám B√¥ng √âp Nano Diamond Kh√°ng Khu·∫©n, Ch·∫•t L∆∞·ª£ng Cao s·ª≠ d·ª•ng c√¥ng ngh·ªá tr·∫£i ƒë·ª©ng n·∫±m gi·ªØa 2 l·ªõp b√¥ng √©p.",https://shopee.vn/-H%C3%80NG-CHU%E1%BA%A8N-%C4%90%E1%BB%87m-B%C3%B4ng-%C3%89p-Nano-Diamond-Kh%C3%A1ng-Khu%E1%BA%A9n-Ch%E1%BA%A5t-L%C6%B0%E1%BB%A3ng-Cao-s%E1%BB%AD-d%E1%BB%A5ng-c%C3%B4ng-ngh%E1%BB%87-tr%E1%BA%A3i-%C4%91%E1%BB%A9ng-n%E1%BA%B1m-gi%E1%BB%AFa-2-l%E1%BB%9Bp-b%C3%B4ng-%C3%A9p.-i.438544723.10608272515?position=91
N·ªám b√¥ng √©p,"ƒê·ªám b√¥ng √©p everon cao c·∫•p ch√≠nh h√£ng b·∫£o h√†nh 5 nƒÉm V·∫¢I G·∫§M CH·ªêNG ƒêAU L∆ØNG, ƒêAU M·ªéI VAI G√ÅY",https://shopee.vn/%C4%90%E1%BB%87m-b%C3%B4ng-%C3%A9p-everon-cao-c%E1%BA%A5p-ch%C3%ADnh-h%C3%A3ng-b%E1%BA%A3o-h%C3%A0nh-5-n%C4%83m-V%E1%BA%A2I-G%E1%BA%A4M-CH%E1%BB%90NG-%C4%90AU-L%C6%AFNG-%C4%90AU-M%E1%BB%8EI-VAI-G%C3%81Y-i.108512481.10706285834?position=93
N·ªám b√¥ng √©p,"ƒê·ªám b√¥ng √©p cao c·∫•p VANDA kh√¥ng lo x·∫πp l√∫n , b·∫£o v·ªá t·ªëi ƒëa c·ªôt s·ªëng",https://shopee.vn/%C4%90%E1%BB%87m-b%C3%B4ng-%C3%A9p-cao-c%E1%BA%A5p-VANDA-kh%C3%B4ng-lo-x%E1%BA%B9p-l%C3%BAn-b%E1%BA%A3o-v%E1%BB%87-t%E1%BB%91i-%C4%91a-c%E1%BB%99t-s%E1%BB%91ng-i.93309729.4442850541?position=89
N·ªám b√¥ng √©p,ƒë·ªám n·ªám b√¥ng √©p korea h√†n qu·ªëc,https://shopee.vn/%C4%91%E1%BB%87m-n%E1%BB%87m-b%C3%B4ng-%C3%A9p-korea-h%C3%A0n-qu%E1%BB%91c-i.39505365.861995995?position=79
N·ªám b√¥ng √©p,ƒê·ªám b√¥ng √©p Vi·ªát H√†n t·ª´ 1m2 ƒë·∫øn 1m8 ch√≠nh h√£ng cao c·∫•p,https://shopee.vn/%C4%90%E1%BB%87m-b%C3%B4ng-%C3%A9p-Vi%E1%BB%87t-H%C3%A0n-t%E1%BB%AB-1m2-%C4%91%E1%BA%BFn-1m8-ch%C3%ADnh-h%C3%A3ng-cao-c%E1%BA%A5p-i.290661573.4147080278?position=76
N·ªám b√¥ng √©p,"ƒê·ªám b√¥ng √©p Vi·ªát H√†n,Korea,Hanviko t·ª´ 1m2 ƒë·∫øn 1m8 ch√≠nh h√£ng cao c·∫•p Gi√° r·∫ª nh∆∞ng l·∫°i ch·∫•t l∆∞·ª£ng cao B·∫£o h√†nh 3 nƒÉm",https://shopee.vn/%C4%90%E1%BB%87m-b%C3%B4ng-%C3%A9p-Vi%E1%BB%87t-H%C3%A0n-Korea-Hanviko-t%E1%BB%AB-1m2-%C4%91%E1%BA%BFn-1m8-ch%C3%ADnh-h%C3%A3ng-cao-c%E1%BA%A5p-Gi%C3%A1-r%E1%BA%BB-nh%C6%B0ng-l%E1%BA%A1i-ch%E1%BA%A5t-l%C6%B0%E1%BB%A3ng-cao-B%E1%BA%A3o-h%C3%A0nh-3-n%C4%83m-i.490425348.10818902540?position=73
N·ªám b√¥ng √©p,ƒë·ªám b√¥ng √©p everoncao c·∫•p ch√≠nh h√£ng b·∫£o h√†nh 5 nƒÉm,https://shopee.vn/%C4%91%E1%BB%87m-b%C3%B4ng-%C3%A9p-everoncao-c%E1%BA%A5p-ch%C3%ADnh-h%C3%A3ng-b%E1%BA%A3o-h%C3%A0nh-5-n%C4%83m-i.344233746.4189903759?position=66
N·ªám b√¥ng √©p,ƒê·ªám b√¥ng √©p Tu·∫•n Anh Korea v·ªè g·∫•m 3 m·∫£nh,https://shopee.vn/%C4%90%E1%BB%87m-b%C3%B4ng-%C3%A9p-Tu%E1%BA%A5n-Anh-Korea-v%E1%BB%8F-g%E1%BA%A5m-3-m%E1%BA%A3nh-i.60303676.6868585967?position=68
N·ªám b√¥ng √©p,N·ªám PE 1Mx2Mx3cm Korea H√†n Qu·ªëc G·∫§P 3- giao m√†u ng·∫ßu nhi√™n,https://shopee.vn/N%E1%BB%87m-PE-1Mx2Mx3cm-Korea-H%C3%A0n-Qu%E1%BB%91c-G%E1%BA%A4P-3-giao-m%C3%A0u-ng%E1%BA%A7u-nhi%C3%AAn-i.31732068.440865433?position=33
N·ªám l√≤ xo,N·ªám l√≤ xo KIM C∆Ø∆†NG t√∫i ƒë·ªôc l·∫≠p ASLING 3 sao ƒë·ªám cao c·∫•p chu·∫©n kh√°ch s·∫°n gi√° r·∫ª b·∫£o h√†nh 10 nƒÉm LX103,https://shopee.vn/N%E1%BB%87m-l%C3%B2-xo-KIM-C%C6%AF%C6%A0NG-t%C3%BAi-%C4%91%E1%BB%99c-l%E1%BA%ADp-ASLING-3-sao-%C4%91%E1%BB%87m-cao-c%E1%BA%A5p-chu%E1%BA%A9n-kh%C3%A1ch-s%E1%BA%A1n-gi%C3%A1-r%E1%BA%BB-b%E1%BA%A3o-h%C3%A0nh-10-n%C4%83m-LX103-i.400725647.9731920806?ads_keyword=ne%CC%A3%CC%82m&adsid=11559999&campaignid=6264296&position=56
N·ªám l√≤ xo,N·ªám l√≤ xo citrine h√†n vi·ªát h·∫£i cao c·∫•p - cao 22cm - freeship hcm (h√¨nh th·∫≠t 100%),https://shopee.vn/N%E1%BB%87m-l%C3%B2-xo-citrine-h%C3%A0n-vi%E1%BB%87t-h%E1%BA%A3i-cao-c%E1%BA%A5p-cao-22cm-freeship-hcm-(h%C3%ACnh-th%E1%BA%ADt-100-)-i.372516983.6775738013?position=5
N·ªám l√≤ xo,N·ªám L√≤ Xo H√†n Vi·ªát H·∫£i 1m4x2m ƒë√†y 22cm - B·∫£o h√†nh 5 nƒÉm x·∫πp l√∫n - Free ship n·ªôi th√†nh HCM,https://shopee.vn/N%E1%BB%87m-L%C3%B2-Xo-H%C3%A0n-Vi%E1%BB%87t-H%E1%BA%A3i-1m4x2m-%C4%91%C3%A0y-22cm-B%E1%BA%A3o-h%C3%A0nh-5-n%C4%83m-x%E1%BA%B9p-l%C3%BAn-Free-ship-n%E1%BB%99i-th%C3%A0nh-HCM-i.333614341.8670448852?position=6
N·ªám l√≤ xo,N·ªám l√≤ xo cao c·∫•p ASLING 5 sao ch√≠nh h√£ng ƒë·ªám KIM C∆Ø∆†NG t√∫i ƒë·ªôc l·∫≠p chu·∫©n kh√°ch s·∫°n gi√° r·∫ª b·∫£o h√†nh 10 nƒÉm LX105,https://shopee.vn/N%E1%BB%87m-l%C3%B2-xo-cao-c%E1%BA%A5p-ASLING-5-sao-ch%C3%ADnh-h%C3%A3ng-%C4%91%E1%BB%87m-KIM-C%C6%AF%C6%A0NG-t%C3%BAi-%C4%91%E1%BB%99c-l%E1%BA%ADp-chu%E1%BA%A9n-kh%C3%A1ch-s%E1%BA%A1n-gi%C3%A1-r%E1%BA%BB-b%E1%BA%A3o-h%C3%A0nh-10-n%C4%83m-LX105-i.400725647.8139736227?position=7
N·ªám l√≤ xo,ƒê·ªÜM L√í XO T√öI CAO C·∫§P - N·ªÜM L√í XO - ƒê·ªÜM L√í XO T√öI CU·ªòN D'LOUIS KOHAN,https://shopee.vn/%C4%90%E1%BB%86M-L%C3%92-XO-T%C3%9AI-CAO-C%E1%BA%A4P-N%E1%BB%86M-L%C3%92-XO-%C4%90%E1%BB%86M-L%C3%92-XO-T%C3%9AI-CU%E1%BB%98N-D'LOUIS-KOHAN-i.455403533.10008027162?position=8
N·ªám l√≤ xo,[M√£ LIFEZI99 gi·∫£m 8% t·ªëi ƒëa 50K ƒë∆°n 99K] N·ªám L√≤ Xo T√∫i H√∫t Ch√¢n Kh√¥ng Cao C·∫•p Zinus,https://shopee.vn/-M%C3%A3-LIFEZI99-gi%E1%BA%A3m-8-t%E1%BB%91i-%C4%91a-50K-%C4%91%C6%A1n-99K-N%E1%BB%87m-L%C3%B2-Xo-T%C3%BAi-H%C3%BAt-Ch%C3%A2n-Kh%C3%B4ng-Cao-C%E1%BA%A5p-Zinus-i.286183405.6643561671?position=9
N·ªám l√≤ xo,[M√£ LIFEZI99 gi·∫£m 8% t·ªëi ƒëa 50K ƒë∆°n 99K] N·ªám L√≤ Xo Cao Su Zinus 18cm - 7in Bonnel Mattress,https://shopee.vn/-M%C3%A3-LIFEZI99-gi%E1%BA%A3m-8-t%E1%BB%91i-%C4%91a-50K-%C4%91%C6%A1n-99K-N%E1%BB%87m-L%C3%B2-Xo-Cao-Su-Zinus-18cm-7in-Bonnel-Mattress-i.286183405.6688018822?position=10
N·ªám l√≤ xo,N·ªám l√≤ xo Citrine (ƒë·ªß size )- 20 ph√¢n,https://shopee.vn/N%E1%BB%87m-l%C3%B2-xo-Citrine-(%C4%91%E1%BB%A7-size-)-20-ph%C3%A2n-i.333614341.6964693425?position=11
N·ªám l√≤ xo,N·ªám l√≤ xo Richstar full size d√†y 22 b·ªçc 2 l·ªõp b√¥ng - b·∫£o h√†nh 5 nƒÉm,https://shopee.vn/N%E1%BB%87m-l%C3%B2-xo-Richstar-full-size-d%C3%A0y-22-b%E1%BB%8Dc-2-l%E1%BB%9Bp-b%C3%B4ng-b%E1%BA%A3o-h%C3%A0nh-5-n%C4%83m-i.333614341.8518044456?position=13
N·ªám l√≤ xo,N·ªám l√≤ xo Li√™n √Å Cassaro Plush,https://shopee.vn/N%E1%BB%87m-l%C3%B2-xo-Li%C3%AAn-%C3%81-Cassaro-Plush-i.442759557.11203676141?position=14
N·ªám l√≤ xo,"N·ªám l√≤ Xo ToPaz 3 vi·ªÅn b·ªçc v·∫£i, V·∫£i 2D H√†n Vi·ªát H·∫£i ƒë·ªß size d√†y 25cm - Free ship n·ªôi th√†nh HCM",https://shopee.vn/N%E1%BB%87m-l%C3%B2-Xo-ToPaz-3-vi%E1%BB%81n-b%E1%BB%8Dc-v%E1%BA%A3i-V%E1%BA%A3i-2D-H%C3%A0n-Vi%E1%BB%87t-H%E1%BA%A3i-%C4%91%E1%BB%A7-size-d%C3%A0y-25cm-Free-ship-n%E1%BB%99i-th%C3%A0nh-HCM-i.333614341.2972605431?position=15
N·ªám l√≤ xo,"N·ªÜM L√í XO T√öI LI√äN √Å COCOON 2.0 FIRM - CH√çNH H√ÉNG, B·∫¢O H√ÄNH 10 NƒÇM",https://shopee.vn/N%E1%BB%86M-L%C3%92-XO-T%C3%9AI-LI%C3%8AN-%C3%81-COCOON-2.0-FIRM-CH%C3%8DNH-H%C3%83NG-B%E1%BA%A2O-H%C3%80NH-10-N%C4%82M-i.125444307.5830751484?position=44
N·ªám l√≤ xo,N·ªám l√≤ xo li√™n √° Cassaro Firm,https://shopee.vn/N%E1%BB%87m-l%C3%B2-xo-li%C3%AAn-%C3%A1-Cassaro-Firm-i.233175979.5350777625?position=43
N·ªám l√≤ xo,N·ªám l√≤ xo Li√™n √Å Lux Cocoon 2.0,https://shopee.vn/N%E1%BB%87m-l%C3%B2-xo-Li%C3%AAn-%C3%81-Lux-Cocoon-2.0-i.442759557.7788765498?position=41
N·ªám l√≤ xo,"N·ªám L√≤ Xo Dunlopillo Diamond Grande - TH∆Ø GI√ÉN T·ªêI ƒêA , THO·∫¢I M√ÅI V√î C√ôNG",https://shopee.vn/N%E1%BB%87m-L%C3%B2-Xo-Dunlopillo-Diamond-Grande-TH%C6%AF-GI%C3%83N-T%E1%BB%90I-%C4%90A-THO%E1%BA%A2I-M%C3%81I-V%C3%94-C%C3%99NG-i.442759557.8154477479?position=35
N·ªám l√≤ xo,N·ªám L√≤ xo t√∫i Hanvico Nano 16cm,https://shopee.vn/N%E1%BB%87m-L%C3%B2-xo-t%C3%BAi-Hanvico-Nano-16cm-i.292893291.5646528805?position=32
N·ªám l√≤ xo,N·ªám l√≤ xo Romantic v·∫£i g·∫•m,https://shopee.vn/N%E1%BB%87m-l%C3%B2-xo-Romantic-v%E1%BA%A3i-g%E1%BA%A5m-i.442759557.3988849059?position=30
N·ªám l√≤ xo,N·ªÜM L√í XO T√öI CU·ªòN D'LOUIS KOHAN,https://shopee.vn/N%E1%BB%86M-L%C3%92-XO-T%C3%9AI-CU%E1%BB%98N-D'LOUIS-KOHAN-i.237584735.3520668397?position=29
N·ªám l√≤ xo,N·ªám l√≤ xo Topaz cao c·∫•p,https://shopee.vn/N%E1%BB%87m-l%C3%B2-xo-Topaz-cao-c%E1%BA%A5p-i.442759557.6188770821?position=27
N·ªám l√≤ xo,"N·ªám L√≤ Xo Li√™n √Å Cassaro Plush Cao C·∫•p - CH√çNH H√ÉNG, B·∫¢O H√ÄNH 10 NƒÇM",https://shopee.vn/N%E1%BB%87m-L%C3%B2-Xo-Li%C3%AAn-%C3%81-Cassaro-Plush-Cao-C%E1%BA%A5p-CH%C3%8DNH-H%C3%83NG-B%E1%BA%A2O-H%C3%80NH-10-N%C4%82M-i.125444307.3424674048?position=24
N·ªám l√≤ xo,N·ªám l√≤ xo t√∫i VinHome 1m6x2m d√†y 25cm - b·∫£o h√†nh 15 nƒÉm - Giao h√†ng mi·ªÖn ph√≠ n·ªôi th√†nh SG,https://shopee.vn/N%E1%BB%87m-l%C3%B2-xo-t%C3%BAi-VinHome-1m6x2m-d%C3%A0y-25cm-b%E1%BA%A3o-h%C3%A0nh-15-n%C4%83m-Giao-h%C3%A0ng-mi%E1%BB%85n-ph%C3%AD-n%E1%BB%99i-th%C3%A0nh-SG-i.333614341.11305593431?position=23
N·ªám l√≤ xo,[M√£ LIFEZI99 gi·∫£m 8% t·ªëi ƒëa 50K ƒë∆°n 99K] N·ªám L√≤ Xo T√∫i H√∫t Ch√¢n Kh√¥ng Cao C·∫•p Gel M√°t Zinus 180x200x30cm,https://shopee.vn/-M%C3%A3-LIFEZI99-gi%E1%BA%A3m-8-t%E1%BB%91i-%C4%91a-50K-%C4%91%C6%A1n-99K-N%E1%BB%87m-L%C3%B2-Xo-T%C3%BAi-H%C3%BAt-Ch%C3%A2n-Kh%C3%B4ng-Cao-C%E1%BA%A5p-Gel-M%C3%A1t-Zinus-180x200x30cm-i.286183405.7643562729?position=17
N·ªám l√≤ xo,N·ªám l√≤ xo cao c·∫•p CITRINE,https://shopee.vn/N%E1%BB%87m-l%C3%B2-xo-cao-c%E1%BA%A5p-CITRINE-i.47829270.999341710?position=57
N·ªám l√≤ xo,N·ªám l√≤ xo cao c·∫•p citrine h√†n vi·ªát h·∫£i 1m6x2mx22cm- freeship hcm- B·∫£o h√†nh 5 nƒÉm,https://shopee.vn/N%E1%BB%87m-l%C3%B2-xo-cao-c%E1%BA%A5p-citrine-h%C3%A0n-vi%E1%BB%87t-h%E1%BA%A3i-1m6x2mx22cm-freeship-hcm-B%E1%BA%A3o-h%C3%A0nh-5-n%C4%83m-i.378769598.6678148918?position=56
N·ªám l√≤ xo,N·ªám L√≤ Xo Citrine Cao C·∫•p 1m6x2m 20ph√¢n,https://shopee.vn/N%E1%BB%87m-L%C3%B2-Xo-Citrine-Cao-C%E1%BA%A5p-1m6x2m-20ph%C3%A2n-i.321043898.5562826894?position=52
N·ªám l√≤ xo,N·ªám L√≤ Xo Citrine - 1m4x2m,https://shopee.vn/N%E1%BB%87m-L%C3%B2-Xo-Citrine-1m4x2m-i.321043898.7267279049?position=60
N·ªám l√≤ xo,"[FREESHIP] N·ªám L√≤ Xo Li√™n √Å Cassaro Firm Cao C·∫•p - CH√çNH H√ÉNG, B·∫¢O H√ÄNH 10 NƒÇM",https://shopee.vn/-FREESHIP-N%E1%BB%87m-L%C3%B2-Xo-Li%C3%AAn-%C3%81-Cassaro-Firm-Cao-C%E1%BA%A5p-CH%C3%8DNH-H%C3%83NG-B%E1%BA%A2O-H%C3%80NH-10-N%C4%82M-i.125444307.4524864010?position=61
N·ªám l√≤ xo,N·ªám l√≤ xo Phoenix V·∫°n Th√†nh,https://shopee.vn/N%E1%BB%87m-l%C3%B2-xo-Phoenix-V%E1%BA%A1n-Th%C3%A0nh-i.43846772.850733550?position=63
N·ªám l√≤ xo,N·ªám l√≤ xo cao c·∫•p CITRINE b·∫£o h√†nh 5 nƒÉm,https://shopee.vn/N%E1%BB%87m-l%C3%B2-xo-cao-c%E1%BA%A5p-CITRINE-b%E1%BA%A3o-h%C3%A0nh-5-n%C4%83m-i.345404374.4975399086?position=79
N·ªám l√≤ xo,N·ªám l√≤ xo cao c·∫•p 1m6 x 2m x 20cm,https://shopee.vn/N%E1%BB%87m-l%C3%B2-xo-cao-c%E1%BA%A5p-1m6-x-2m-x-20cm-i.242364176.5929407802?position=73
N·ªám l√≤ xo,N·ªám L√≤ Xo Li√™n K·∫øt Adora Perfect 4 Vi·ªÅn - 30cm - B·∫£o H√†nh 15 NƒÉm,https://shopee.vn/N%E1%BB%87m-L%C3%B2-Xo-Li%C3%AAn-K%E1%BA%BFt-Adora-Perfect-4-Vi%E1%BB%81n-30cm-B%E1%BA%A3o-H%C3%A0nh-15-N%C4%83m-i.97940068.5120686862?position=69
N·ªám l√≤ xo,N·ªám L√≤ Xo Citrine - 1m8x2m - 20ph√¢n,https://shopee.vn/N%E1%BB%87m-L%C3%B2-Xo-Citrine-1m8x2m-20ph%C3%A2n-i.321043898.5769076714?position=67
N·ªám l√≤ xo,N·ªám l√≤ xo 1m8 x 2m x 20cm,https://shopee.vn/N%E1%BB%87m-l%C3%B2-xo-1m8-x-2m-x-20cm-i.242364176.6029409905?position=92
N·ªám l√≤ xo,"N·ªám l√≤ xo T√∫i Sapphire 2 Vi·ªÅn Cao C·∫•p, 100x200x27cm - 180x200x27cm, H√†ng ch√≠nh h√£ng, B·∫£o h√†nh: 12 nƒÉm",https://shopee.vn/N%E1%BB%87m-l%C3%B2-xo-T%C3%BAi-Sapphire-2-Vi%E1%BB%81n-Cao-C%E1%BA%A5p-100x200x27cm-180x200x27cm-H%C3%A0ng-ch%C3%ADnh-h%C3%A3ng-B%E1%BA%A3o-h%C3%A0nh-12-n%C4%83m-i.134823343.3436886612?position=107
N·ªám l√≤ xo,"[FREESHIP] N·ªám L√≤ Xo T√∫i Premium Edena - CH√çNH H√ÉNG, B·∫¢O H√ÄNH 5 NƒÇM",https://shopee.vn/-FREESHIP-N%E1%BB%87m-L%C3%B2-Xo-T%C3%BAi-Premium-Edena-CH%C3%8DNH-H%C3%83NG-B%E1%BA%A2O-H%C3%80NH-5-N%C4%82M-i.125444307.4320864114?position=104
N·ªám l√≤ xo,ƒê·ªám l√≤ xo t√∫i cu·ªôn ch√≠nh h√£ng Elan freeship to√†n qu·ªëc gi·∫£i ph√°p tuy·ªát v·ªùi cho ng∆∞·ªùi c√≥ b·ªánh v·ªÅ x∆∞∆°ng kh·ªõp c√¢n n·∫∑ng,https://shopee.vn/%C4%90%E1%BB%87m-l%C3%B2-xo-t%C3%BAi-cu%E1%BB%99n-ch%C3%ADnh-h%C3%A3ng-Elan-freeship-to%C3%A0n-qu%E1%BB%91c-gi%E1%BA%A3i-ph%C3%A1p-tuy%E1%BB%87t-v%E1%BB%9Di-cho-ng%C6%B0%E1%BB%9Di-c%C3%B3-b%E1%BB%87nh-v%E1%BB%81-x%C6%B0%C6%A1ng-kh%E1%BB%9Bp-c%C3%A2n-n%E1%BA%B7ng-i.477215242.11115235632?position=160
N·ªám l√≤ xo,[Freeship HCM] N·ªám l√≤ xo x∆° d·ª´a t·ª± nhi√™n cao 25cm Li√™n √Å Cassaro nhi·ªÅu k√≠ch th∆∞·ªõc 1m2-1m8,https://shopee.vn/-Freeship-HCM-N%E1%BB%87m-l%C3%B2-xo-x%C6%A1-d%E1%BB%ABa-t%E1%BB%B1-nhi%C3%AAn-cao-25cm-Li%C3%AAn-%C3%81-Cassaro-nhi%E1%BB%81u-k%C3%ADch-th%C6%B0%E1%BB%9Bc-1m2-1m8-i.64461018.1316724863?position=93
N·ªám l√≤ xo,[Freeship n·ªôi th√†nh H√† N·ªôi] ƒê·ªám l√≤ xo t√∫i Asling 3 sao Kim C∆∞∆°ng,https://shopee.vn/-Freeship-n%E1%BB%99i-th%C3%A0nh-H%C3%A0-N%E1%BB%99i-%C4%90%E1%BB%87m-l%C3%B2-xo-t%C3%BAi-Asling-3-sao-Kim-C%C6%B0%C6%A1ng-i.86827195.6490572001?position=150
N·ªám l√≤ xo,[Freeship - B·∫£o h√†nh 5 nƒÉm] ƒê·ªám l√≤ xo Korea Tu·∫•n Anh,https://shopee.vn/-Freeship-B%E1%BA%A3o-h%C3%A0nh-5-n%C4%83m-%C4%90%E1%BB%87m-l%C3%B2-xo-Korea-Tu%E1%BA%A5n-Anh-i.86827195.11008248245?position=152
N·ªám l√≤ xo,ƒê·ªám l√≤ xo Tracy*freeship-bao gi√° to√†n shopee* ƒê·ªám l√≤ xo Tracy ch√≠nh h√£ng d√†y 20 ph√¢n,https://shopee.vn/%C4%90%E1%BB%87m-l%C3%B2-xo-Tracy*freeship-bao-gi%C3%A1-to%C3%A0n-shopee*-%C4%90%E1%BB%87m-l%C3%B2-xo-Tracy-ch%C3%ADnh-h%C3%A3ng-d%C3%A0y-20-ph%C3%A2n-i.60303676.5663013735?position=137
N·ªám l√≤ xo,ƒê·ªám l√≤ xo 5sao d√†nh cho kh√°ch s·∫°n,https://shopee.vn/%C4%90%E1%BB%87m-l%C3%B2-xo-5sao-d%C3%A0nh-cho-kh%C3%A1ch-s%E1%BA%A1n-i.225485910.9111337172?position=135
N·ªám l√≤ xo,N·ªám L√≤ Xo Citrine 160x200x23cm,https://shopee.vn/N%E1%BB%87m-L%C3%B2-Xo-Citrine-160x200x23cm-i.51660689.1164307186?position=126
N·ªám l√≤ xo,N·ªám L√≤ Xo Dunlopillo Diamond Grande,https://shopee.vn/N%E1%BB%87m-L%C3%B2-Xo-Dunlopillo-Diamond-Grande-i.426818255.6289001653?position=121
N·ªám foam,N·ªám Foam Nest Ru9 Size Single 120 x 200 cm,https://shopee.vn/N%E1%BB%87m-Foam-Nest-Ru9-Size-Single-120-x-200-cm-i.168855932.4933802373?position=39
N·ªám foam,[M√£ LIFEZI99 gi·∫£m 8% t·ªëi ƒëa 50K ƒë∆°n 99K] N·ªám foam Zinus Cu·ªôn H√∫t Ch√¢n Kh√¥ng Gi·∫£m √Åp Cao C·∫•p,https://shopee.vn/-M%C3%A3-LIFEZI99-gi%E1%BA%A3m-8-t%E1%BB%91i-%C4%91a-50K-%C4%91%C6%A1n-99K-N%E1%BB%87m-foam-Zinus-Cu%E1%BB%99n-H%C3%BAt-Ch%C3%A2n-Kh%C3%B4ng-Gi%E1%BA%A3m-%C3%81p-Cao-C%E1%BA%A5p-i.286183405.5451952814?position=34
N·ªám foam,N·ªám memory foam ƒê√¥ng √° 1m6√ó2m√ó10cm b·∫£o h√†nh 10 nƒÉm,https://shopee.vn/N%E1%BB%87m-memory-foam-%C4%90%C3%B4ng-%C3%A1-1m6%C3%972m%C3%9710cm-b%E1%BA%A3o-h%C3%A0nh-10-n%C4%83m-i.119968500.2675372443?position=30
N·ªám foam,N·ªám Foam Original Ru9 Size Queen 160 x 200 cm,https://shopee.vn/N%E1%BB%87m-Foam-Original-Ru9-Size-Queen-160-x-200-cm-i.168855932.5933603017?position=24
N·ªám foam,N·ªám Foam Nest Ru9 Size King 180 x 200 cm,https://shopee.vn/N%E1%BB%87m-Foam-Nest-Ru9-Size-King-180-x-200-cm-i.168855932.4733804940?position=20
N·ªám foam,N·ªám Foam Original Ru9 Size King 180 x 200 cm,https://shopee.vn/N%E1%BB%87m-Foam-Original-Ru9-Size-King-180-x-200-cm-i.168855932.4333605481?position=16
N·ªám foam,[M√£ LIFEZI99 gi·∫£m 8% t·ªëi ƒëa 50K ƒë∆°n 99K] N·ªám Foam Cu·ªôn H√∫t Ch√¢n Kh√¥ng Than Ho·∫°t T√≠nh Cao C·∫•p Zinus 160x200x25cm,https://shopee.vn/-M%C3%A3-LIFEZI99-gi%E1%BA%A3m-8-t%E1%BB%91i-%C4%91a-50K-%C4%91%C6%A1n-99K-N%E1%BB%87m-Foam-Cu%E1%BB%99n-H%C3%BAt-Ch%C3%A2n-Kh%C3%B4ng-Than-Ho%E1%BA%A1t-T%C3%ADnh-Cao-C%E1%BA%A5p-Zinus-160x200x25cm-i.286183405.5743556551?position=19
N·ªám foam,N·ªám Cu·ªôn Foam Topper Ru9 M√†u Tr·∫Øng 6 K√≠ch Th∆∞·ªõc,https://shopee.vn/N%E1%BB%87m-Cu%E1%BB%99n-Foam-Topper-Ru9-M%C3%A0u-Tr%E1%BA%AFng-6-K%C3%ADch-Th%C6%B0%E1%BB%9Bc-i.168855932.5673694765?position=14
N·ªám foam,[M√£ LIFEZI99 gi·∫£m 8% t·ªëi ƒëa 50K ƒë∆°n 99K] N·ªám Foam Zinus Cu·ªôn H√∫t Ch√¢n Kh√¥ng Si√™u M√°t Cao C·∫•p - 8in Ultra Cool Gel 2.5,https://shopee.vn/-M%C3%A3-LIFEZI99-gi%E1%BA%A3m-8-t%E1%BB%91i-%C4%91a-50K-%C4%91%C6%A1n-99K-N%E1%BB%87m-Foam-Zinus-Cu%E1%BB%99n-H%C3%BAt-Ch%C3%A2n-Kh%C3%B4ng-Si%C3%AAu-M%C3%A1t-Cao-C%E1%BA%A5p-8in-Ultra-Cool-Gel-2.5-i.286183405.8071095948?position=13
N·ªám foam,N·ªám Foam Nest Ru9 Size Queen 160 x 200 cm,https://shopee.vn/N%E1%BB%87m-Foam-Nest-Ru9-Size-Queen-160-x-200-cm-i.168855932.7733802283?position=11
N·ªám foam,[M√£ LIFEZI99 gi·∫£m 8% t·ªëi ƒëa 50K ƒë∆°n 99K] N·ªám Foam Cu·ªôn H√∫t Ch√¢n Kh√¥ng Cao C·∫•p Zinus,https://shopee.vn/-M%C3%A3-LIFEZI99-gi%E1%BA%A3m-8-t%E1%BB%91i-%C4%91a-50K-%C4%91%C6%A1n-99K-N%E1%BB%87m-Foam-Cu%E1%BB%99n-H%C3%BAt-Ch%C3%A2n-Kh%C3%B4ng-Cao-C%E1%BA%A5p-Zinus-i.286183405.6143555322?position=10
N·ªám foam,[M√£ LIFEZI99 gi·∫£m 8% t·ªëi ƒëa 50K ƒë∆°n 99K] N·ªám foam cu·ªôn h√∫t ch√¢n kh√¥ng cao c·∫•p Zinus ƒê·ªô D√†y 20cm,https://shopee.vn/-M%C3%A3-LIFEZI99-gi%E1%BA%A3m-8-t%E1%BB%91i-%C4%91a-50K-%C4%91%C6%A1n-99K-N%E1%BB%87m-foam-cu%E1%BB%99n-h%C3%BAt-ch%C3%A2n-kh%C3%B4ng-cao-c%E1%BA%A5p-Zinus-%C4%90%E1%BB%99-D%C3%A0y-20cm-i.286183405.6351809815?position=8
N·ªám foam,N·ªám memory foam th·∫Øng l·ª£i d√†y 10cm,https://shopee.vn/N%E1%BB%87m-memory-foam-th%E1%BA%AFng-l%E1%BB%A3i-d%C3%A0y-10cm-i.119968500.6542836778?position=7
N·ªám foam,[M√£ LIFEZI99 gi·∫£m 8% t·ªëi ƒëa 50K ƒë∆°n 99K] N·ªám Foam Cu·ªôn H√∫t Ch√¢n Kh√¥ng Gel M√°t Cao C·∫•p Zinus 160X200X25Cm,https://shopee.vn/-M%C3%A3-LIFEZI99-gi%E1%BA%A3m-8-t%E1%BB%91i-%C4%91a-50K-%C4%91%C6%A1n-99K-N%E1%BB%87m-Foam-Cu%E1%BB%99n-H%C3%BAt-Ch%C3%A2n-Kh%C3%B4ng-Gel-M%C3%A1t-Cao-C%E1%BA%A5p-Zinus-160X200X25Cm-i.286183405.5043561940?position=6
N·ªám foam,N·ªám Foam Nest Ru9 Size Full 140 x 200 cm,https://shopee.vn/N%E1%BB%87m-Foam-Nest-Ru9-Size-Full-140-x-200-cm-i.168855932.6633801918?position=47
N·ªám foam,ƒê·ªám FOAM cao c·∫•p,https://shopee.vn/%C4%90%E1%BB%87m-FOAM-cao-c%E1%BA%A5p-i.86827195.11208249008?position=73
N·ªám foam,[GI√Å S·ªêC] ƒê·ªám foam nh·∫≠t ƒë·ªám ƒë·∫°t ti√™u chu·∫©n kh√°ch s·∫°n 5 sao,https://shopee.vn/-GI%C3%81-S%E1%BB%90C-%C4%90%E1%BB%87m-foam-nh%E1%BA%ADt-%C4%91%E1%BB%87m-%C4%91%E1%BA%A1t-ti%C3%AAu-chu%E1%BA%A9n-kh%C3%A1ch-s%E1%BA%A1n-5-sao-i.405916889.9728005287?position=75